order,r,omega,omega_ratio,tilt_deg
3,0.0,159.29802253608625,1.0,0.0
3,0.038407259963252234,159.29802407365008,1.0000000096521213,0.03316436023358368
3,0.07681451992650447,159.29802868634152,1.0000000386084849,0.06632872785961395
3,0.11522177988975671,159.29803637416063,1.0000000868690908,0.09949311027055843
3,0.15362903985300894,159.2980471371074,1.0000001544339394,0.13265751485892682
3,0.19203629981626116,159.29806097518178,1.0000002413030302,0.16582194901729194
3,0.23044355977951342,159.29807788838383,1.0000003474763635,0.1989864201383109
3,0.26885081974276565,159.29809787671348,1.000000472953939,0.23215093561474587
3,0.3072580797060179,159.2981209401708,1.000000617735757,0.2653155028394855
3,0.3456653396692701,159.2981470787558,1.0000007818218177,0.2984801292055654
3,0.3840725996325223,159.29817629246838,1.0000009652121205,0.33164482210619006
3,0.42247985959577455,159.29820858130864,1.000001167906666,0.3648095889347531
3,0.46088711955902684,159.2982439452765,1.0000013899054536,0.3979744370848587
3,0.49929437952227906,159.29828238437204,1.0000016312084836,0.4311393739503422
3,0.5377016394855313,159.29832389859524,1.0000018918157563,0.46430440692529207
3,0.5761088994487835,159.29836848794605,1.0000021717272713,0.49746954340407046
3,0.6145161594120357,159.29841615242452,1.0000024709430286,0.5306347907813334
3,0.652923419375288,159.2984668920306,1.0000027894630283,0.5638001564520537
3,0.6913306793385402,159.29852070676435,1.0000031272872705,0.5969656478115403
3,0.7297379393017924,159.29857759662576,1.0000034844157553,0.6301312722554603
3,0.7681451992650447,159.29863756161478,1.0000038608484823,0.6632970371798599
3,0.8065524592282969,159.29870060173147,1.0000042565854517,0.6964629499811851
3,0.8449597191915491,159.29876671697576,1.0000046716266635,0.7296290180563028
3,0.8833669791548014,159.29883590734772,1.0000051059721178,0.7627952488025229
3,0.9217742391180537,159.29890817284735,1.0000055596218145,0.7959616496176178
3,0.9601814990813059,159.29898351347458,1.0000060325757536,0.8291282278998444
3,0.9985887590445581,159.29906192922948,1.0000065248339352,0.8622949910479651
3,1.0369960190078102,159.29914342011202,1.000007036396359,0.8954619464612691
3,1.0754032789710626,159.2992279861222,1.0000075672630253,0.9286291015395933
3,1.1138105389343147,159.29931562726,1.000008117433934,0.9617964636833424
3,1.152217798897567,159.29940634352545,1.000008686909085,0.9949640402935117
3,1.1906250588608194,159.29950013491856,1.0000092756884786,1.0281318387717076
3,1.2290323188240715,159.2995970014393,1.0000098837721145,1.0612998665201685
3,1.2674395787873238,159.2996969430877,1.000010511159993,1.0944681309417854
3,1.305846838750576,159.29979995986372,1.0000111578521138,1.1276366394401238
3,1.3442540987138283,159.29990605176738,1.0000118238484768,1.160805399419446
3,1.3826613586770804,159.3000152187987,1.0000125091490826,1.1939744182847283
3,1.4210686186403327,159.30012746095767,1.0000132137539306,1.227143703441687
3,1.4594758786035849,159.30024277824427,1.000013937663021,1.2603132622967954
3,1.4978831385668372,159.3003611706585,1.0000146808763537,1.2934831022573092
3,1.5362903985300893,159.30048263820038,1.000015443393929,1.3266532307312828
3,1.5746976584933416,159.30060718086992,1.0000162252157467,1.3598236551275946
3,1.6131049184565938,159.3007347986671,1.0000170263418067,1.392994382855965
3,1.651512178419846,159.3008654915919,1.0000178467721093,1.426165421326981
3,1.6899194383830982,159.30099925964436,1.000018686506654,1.4593367779521136
3,1.7283266983463506,159.30113610282444,1.0000195455454413,1.4925084601437422
3,1.766733958309603,159.3012760211322,1.0000204238884711,1.5256804753151731
3,1.805141218272855,159.30141901456759,1.0000213215357432,1.5588528308806635
3,1.8435484782361073,159.3015650831306,1.000022238487258,1.59202553425544
3,1.8819557381993595,159.30171422682128,1.0000231747430146,1.6251985928557224
3,1.9203629981626118,159.30186644563958,1.000024130303014,1.658372014098742
3,1.958770258125864,159.30202173958554,1.0000251051672557,1.6915458054027657
3,1.9971775180891163,159.30218010865914,1.00002609933574,1.724719974187116
3,2.0355847780523684,159.30234155286038,1.0000271128084666,1.7578945278721902
3,2.0739920380156205,159.30250607218926,1.0000281455854356,1.7910694738794861
3,2.112399297978873,159.3026736666458,1.000029197666647,1.8242448196316212
3,2.150806557942125,159.30284433622995,1.0000302690521008,1.85742057255235
3,2.1892138179053773,159.30301808094177,1.0000313597417971,1.890596740066593
3,2.2276210778686294,159.30319490078122,1.0000324697357357,1.9237733296004509
3,2.266028337831882,159.3033747957483,1.0000335990339166,1.9569503485812305
3,2.304435597795134,159.30355776584307,1.0000347476363403,1.990127804437463
3,2.342842857758386,159.30374381106543,1.000035915543006,2.023305704598931
3,2.3812501177216387,159.30393293141546,1.0000371027539143,2.056484056496678
3,2.419657377684891,159.30412512689313,1.000038309269065,2.0896628675630433
3,2.458064637648143,159.30432039749843,1.000039535088458,2.122842145231677
3,2.496471897611395,159.3045187432314,1.0000407802120939,2.1560218969375575
3,2.5348791575746477,159.30472016409198,1.0000420446399716,2.1892021301170215
3,2.5732864175378998,159.30492466008022,1.000043328372092,2.2223828522077786
3,2.611693677501152,159.3051322311961,1.0000446314084548,2.2555640706489357
3,2.650100937464404,159.3053428774396,1.0000459537490598,2.2887457928810164
3,2.6885081974276566,159.3055565988108,1.0000472953939077,2.3219280263459865
3,2.7269154573909087,159.30577339530961,1.0000486563429976,2.35511077848727
3,2.765322717354161,159.30599326693604,1.0000500365963298,2.388294056749774
3,2.803729977317413,159.30621621369013,1.0000514361539048,2.4214778685799097
3,2.8421372372806655,159.3064422355719,1.0000528550157222,2.4546622214256146
3,2.8805444972439176,159.30667133258126,1.0000542931817817,2.4878471227363694
3,2.9189517572071697,159.3069035047183,1.0000557506520837,2.5210325799632254
3,2.9573590171704223,159.30713875198296,1.0000572274266282,2.554218600558824
3,2.9957662771336744,159.30737707437527,1.000058723505415,2.587405191977416
3,3.0341735370969265,159.3076184718952,1.0000602388884443,2.6205923616748845
3,3.0725807970601786,159.3078629445428,1.000061773575716,2.6537801171087705
3,3.110988057023431,159.30811049231804,1.0000633275672302,2.6869684657382855
3,3.1493953169866833,159.30836111522092,1.0000649008629867,2.7201574150243415
3,3.1878025769499354,159.30861481325144,1.0000664934629857,2.7533469724295676
3,3.2262098369131875,159.3088715864096,1.000068105367227,2.7865371454183365
3,3.26461709687644,159.3091314346954,1.0000697365757105,2.8197279414567786
3,3.303024356839692,159.30939435810885,1.0000713870884368,2.8529193680128087
3,3.3414316168029443,159.30966035664994,1.0000730569054055,2.886111432556149
3,3.3798388767661964,159.30992943031868,1.0000747460266164,2.919304142558348
3,3.418246136729449,159.31020157911504,1.0000764544520697,2.952497505492801
3,3.456653396692701,159.31047680303908,1.0000781821817657,2.985691528834775
3,3.4950606566559532,159.31075510209072,1.0000799292157039,3.0188862200614266
3,3.533467916619206,159.31103647627003,1.0000816955538845,3.05208158665183
3,3.571875176582458,159.31132092557698,1.0000834811963075,3.0852776360869894
3,3.61028243654571,159.31160845001156,1.000085286142973,3.118474375849869
3,3.648689696508962,159.3118990495738,1.0000871103938809,3.151671813425412
3,3.6870969564722147,159.31219272426367,1.000088953949031,3.184869956300561
3,3.725504216435467,159.3124894740812,1.0000908168084237,3.2180688119642813
3,3.763911476398719,159.31278929902635,1.0000926989720589,3.251268387907578
3,3.802318736361971,159.31309219909915,1.0000946004399363,3.28446869162353
3,3.8407259963252236,159.3133981742996,1.0000965212120563,3.3176697306072973
3,3.8791332562884757,159.3137072246277,1.0000984612884187,3.3508715123561506
3,3.917540516251728,159.3140193500834,1.0001004206690234,3.3840740443694926
3,3.95594777621498,159.31433455066679,1.0001023993538705,3.417277334148879
3,3.9943550361782325,159.31465282637782,1.0001043973429602,3.450481389198041
3,4.032762296141485,159.31497417721647,1.0001064146362921,3.483686217022903
3,4.071169556104737,159.31529860318278,1.0001084512338665,3.516891825131614
3,4.109576816067989,159.31562610427673,1.0001105071356833,3.550098221034558
3,4.147984076031241,159.31595668049832,1.0001125823417425,3.5833054122443864
3,4.186391335994494,159.31629033184754,1.0001146768520441,3.6165134062760314
3,4.224798595957746,159.3166270583244,1.000116790666588,3.6497222106467317
3,4.263205855920998,159.31696685992893,1.0001189237853745,3.682931832876059
3,4.30161311588425,159.3173097366611,1.0001210762084034,3.716142280485928
3,4.340020375847502,159.3176556885209,1.0001232479356748,3.749353561000636
3,4.378427635810755,159.31800471550832,1.0001254389671883,3.782565681946865
3,4.416834895774007,159.3183568176234,1.0001276493029443,3.815778650853718
3,4.455242155737259,159.31871199486613,1.000129878942943,3.8489924752527394
3,4.493649415700512,159.3190702472365,1.0001321278871838,3.8822071626779304
3,4.532056675663764,159.31943157473452,1.0001343961356672,3.915422720665773
3,4.570463935627016,159.31979597736017,1.000136683688393,3.9486391567552634
3,4.608871195590268,159.3201634551135,1.000138990545361,3.9818564784879147
3,4.64727845555352,159.3205340079944,1.0001413167065716,4.015074693407797
3,4.685685715516772,159.320907636003,1.0001436621720246,4.0482938090615495
3,4.7240929754800245,159.32128433913923,1.00014602694172,4.081513832998402
3,4.7625002354432775,159.3216641174031,1.0001484110156578,4.114734772770208
3,4.80090749540653,159.32204697079462,1.000150814393838,4.147956635931448
3,4.839314755369782,159.32243289931378,1.0001532370762607,4.181179430039276
3,4.877722015333034,159.32282190296056,1.0001556790629256,4.214403162653518
3,4.916129275296286,159.323213981735,1.0001581403538329,4.247627841336715
3,4.954536535259538,159.3236091356371,1.0001606209489828,4.280853473654126
3,4.99294379522279,159.3240073646668,1.000163120848375,4.314080067173769
3,5.031351055186042,159.3244086688242,1.0001656400520098,4.347307629466428
3,5.069758315149295,159.3248130481092,1.000168178559887,4.3805361681056825
3,5.108165575112547,159.32522050252186,1.0001707363720065,4.4137656906679315
3,5.1465728350757995,159.32563103206215,1.0001733134883684,4.446996204732412
3,5.184980095039052,159.32604463673007,1.0001759099089724,4.480227717881227
3,5.223387355002304,159.32646131652567,1.0001785256338194,4.513460237699355
3,5.261794614965556,159.3268810714489,1.0001811606629085,4.546693771774691
3,5.300201874928808,159.32730390149976,1.00018381499624,4.579928327698057
3,5.338609134892061,159.32772980667826,1.0001864886338139,4.613163913063224
3,5.377016394855313,159.32815878698443,1.0001891815756303,4.64640053546694
3,5.415423654818565,159.3285908424182,1.000191893821689,4.679638202508952
3,5.453830914781817,159.32902597297965,1.0001946253719902,4.7128769217920246
3,5.4922381747450695,159.32946417866873,1.000197376226534,4.746116700921965
3,5.530645434708322,159.32990545948545,1.0002001463853198,4.7793575475076455
3,5.569052694671574,159.33034981542983,1.0002029358483484,4.812599469161032
3,5.607459954634826,159.33079724650185,1.0002057446156192,4.8458424734971945
3,5.645867214598079,159.33124775270147,1.0002085726871324,4.879086568134339
3,5.684274474561331,159.3317013340288,1.0002114200628882,4.912331760693826
3,5.722681734524583,159.33215799048372,1.0002142867428863,4.945578058800198
3,5.761088994487835,159.3326177220663,1.0002171727271265,4.978825470081198
3,5.799496254451087,159.33308052877652,1.0002200780156096,5.012074002167794
3,5.837903514414339,159.3335464106144,1.000223002608335,5.0453236626942015
3,5.8763107743775915,159.3340153675799,1.0002259465053025,5.078574459297905
3,5.9147180343408445,159.33448739967304,1.0002289097065127,5.111826399619686
3,5.953125294304097,159.33496250689385,1.0002318922119653,5.145079491303639
3,5.991532554267349,159.33544068924226,1.00023489402166,5.178333741997198
3,6.029939814230601,159.33592194671834,1.0002379151355976,5.211589159351163
3,6.068347074193853,159.33640627932206,1.0002409555537772,5.244845751019715
3,6.106754334157105,159.33689368705342,1.0002440152761995,5.278103524660446
3,6.145161594120357,159.33738416991244,1.000247094302864,5.311362487934377
3,6.183568854083609,159.33787772789907,1.000250192633771,5.344622648505988
3,6.221976114046862,159.33837436101336,1.0002533102689204,5.377884014043236
3,6.2603833740101145,159.3388740692553,1.0002564472083122,5.4111465922175706
3,6.298790633973367,159.3393768526249,1.0002596034519466,5.444410390703975
3,6.337197893936619,159.3398827111221,1.0002627789998233,5.477675417180977
3,6.375605153899871,159.34039164474697,1.0002659738519424,5.510941679330674
3,6.414012413863123,159.34090365349948,1.0002691880083039,5.544209184838758
3,6.452419673826375,159.34141873737963,1.0002724214689078,5.5774779413945375
3,6.490826933789628,159.3419368963874,1.000275674233754,5.610747956690963
3,6.52923419375288,159.34245813052283,1.0002789463028425,5.6440192384246455
3,6.567641453716132,159.3429824397859,1.0002822376761737,5.677291794295885
3,6.606048713679384,159.34350982417664,1.0002855483537474,5.7105656320086915
3,6.6444559736426365,159.344040283695,1.0002888783355632,5.743840759270812
3,6.682863233605889,159.344573818341,1.0002922276216215,5.777117183793746
3,6.721270493569141,159.34511042811465,1.0002955962119224,5.810394913292781
3,6.759677753532393,159.34565011301592,1.0002989841064656,5.843673955486997
3,6.798085013495646,159.34619287304486,1.0003023913052511,5.876954318099318
3,6.836492273458898,159.34673870820143,1.000305817808279,5.910236008856505
3,6.87489953342215,159.34728761848567,1.0003092636155497,5.943519035489203
3,6.913306793385402,159.3478396038975,1.0003127287270623,5.976803405731952
3,6.951714053348654,159.34839466443702,1.0003162131428176,6.010089127323217
3,6.9901213133119064,159.34895280010417,1.0003197168628153,6.043376208005406
3,7.028528573275159,159.34951401089896,1.0003232398870554,6.076664655524903
3,7.066935833238412,159.35007829682138,1.0003267822155377,6.10995447763208
3,7.105343093201664,159.35064565787144,1.0003303438482625,6.143245682081326
3,7.143750353164916,159.35121609404916,1.0003339247852299,6.176538276631079
3,7.182157613128168,159.35178960535453,1.0003375250264397,6.2098322690438295
3,7.22056487309142,159.35236619178752,1.0003411445718917,6.243127667086172
3,7.258972133054672,159.35294585334816,1.0003447834215862,6.276424478528807
3,7.297379393017924,159.35352859003646,1.0003484415755233,6.309722711146567
3,7.335786652981176,159.35411440185237,1.0003521190337024,6.343022372718453
3,7.374193912944429,159.35470328879595,1.0003558157961243,6.376323471027651
3,7.4126011729076815,159.35529525086716,1.0003595318627885,6.4096260138615495
3,7.451008432870934,159.35589028806604,1.000363267233695,6.442930009011778
3,7.489415692834186,159.35648840039252,1.000367021908844,6.476235464274218
3,7.527822952797438,159.35708958784667,1.0003707958882355,6.509542387449036
3,7.56623021276069,159.35769385042846,1.0003745891718694,6.5428507863407
3,7.604637472723942,159.3583011881379,1.0003784017597455,6.576160668758011
3,7.643044732687195,159.35891160097495,1.0003822336518642,6.609472042514129
3,7.681451992650447,159.35952508893968,1.0003860848482253,6.642784915426581
3,7.719859252613699,159.360141652032,1.0003899553488287,6.6760992953173055
3,7.758266512576951,159.36076129025201,1.0003938451536745,6.709415190012668
3,7.7966737725402036,159.36138400359965,1.0003977542627627,6.742732607343479
3,7.835081032503456,159.36200979207493,1.0004016826760933,6.776051555145032
3,7.873488292466708,159.36263865567787,1.0004056303936666,6.809372041257118
3,7.91189555242996,159.36327059440845,1.000409597415482,6.842694073524053
3,7.950302812393213,159.36390560826663,1.00041358374154,6.876017659794706
3,7.988710072356465,159.36454369725251,1.0004175893718403,6.909342807922513
3,8.027117332319717,159.365184861366,1.000421614306383,6.942669525765516
3,8.06552459228297,159.36582910060713,1.000425658545168,6.9759978211863745
3,8.103931852246221,159.36647641497592,1.000429722088196,7.009327702052402
3,8.142339112209473,159.36712680447235,1.0004338049354657,7.042659176235577
3,8.180746372172726,159.36778026909641,1.0004379070869782,7.075992251612584
3,8.219153632135978,159.36843680884812,1.000442028542733,7.109326936064826
3,8.25756089209923,159.36909642372748,1.0004461693027302,7.142663237478452
3,8.295968152062482,159.36975911373446,1.0004503293669698,7.176001163744387
3,8.334375412025734,159.3704248788691,1.0004545087354517,7.209340722758347
3,8.372782671988988,159.37109371913138,1.0004587074081763,7.242681922420874
3,8.41118993195224,159.37176563452132,1.0004629253851431,7.276024770637357
3,8.449597191915492,159.37244062503888,1.0004671626663524,7.309369275318057
3,8.488004451878744,159.3731186906841,1.000471419251804,7.342715444378128
3,8.526411711841996,159.37379983145695,1.0004756951414984,7.376063285737656
3,8.564818971805249,159.37448404735744,1.0004799903354347,7.409412807321658
3,8.6032262317685,159.37517133838557,1.0004843048336136,7.4427640170601395
3,8.641633491731753,159.37586170454136,1.000488638636035,7.4761169228881
3,8.680040751695005,159.37655514582477,1.0004929917426986,7.50947153274555
3,8.718448011658257,159.37725166223584,1.0004973641536048,7.542827854577567
3,8.75685527162151,159.37795125377454,1.0005017558687535,7.576185896334288
3,8.795262531584761,159.37865392044088,1.0005061668881443,7.609545665970957
3,8.833669791548013,159.3793596622349,1.0005105972117778,7.642907171447931
3,8.872077051511265,159.38006847915653,1.0005150468396535,7.676270420730732
3,8.910484311474518,159.38078037120582,1.000519515771772,7.70963542179005
3,8.948891571437771,159.38149533838273,1.0005240040081325,7.743002182601771
3,8.987298831401024,159.3822133806873,1.0005285115487355,7.77637071114702
3,9.025706091364276,159.38293449811948,1.0005330383935809,7.809741015412163
3,9.064113351327528,159.38365869067934,1.0005375845426687,7.843113103388845
3,9.10252061129078,159.38438595836683,1.000542149995999,7.876486983074023
3,9.140927871254032,159.38511630118197,1.0005467347535717,7.909862662469975
3,9.179335131217284,159.38584971912474,1.0005513388153866,7.943240149584334
3,9.217742391180536,159.38658621219517,1.0005559621814442,7.976619452430122
3,9.256149651143788,159.38732578039324,1.0005606048517441,8.010000579025764
3,9.29455691110704,159.38806842371892,1.0005652668262863,8.04338353739511
3,9.332964171070293,159.38881414217227,1.0005699481050712,8.076768335567477
3,9.371371431033545,159.38956293575328,1.0005746486880984,8.110154981577667
3,9.409778690996797,159.3903148044619,1.000579368575368,8.143543483465988
3,9.448185950960049,159.39106974829818,1.0005841077668798,8.176933849278294
3,9.486593210923301,159.3918277672621,1.0005888662626343,8.21032608706599
3,9.525000470886555,159.39258886135366,1.000593644062631,8.243720204886081
3,9.563407730849807,159.39335303057285,1.0005984411668702,8.277116210801177
3,9.60181499081306,159.39412027491971,1.0006032575753518,8.310514112879542
3,9.640222250776311,159.39489059439418,1.0006080932880757,8.343913919195096
3,9.678629510739563,159.39566398899632,1.000612948305042,8.377315637827465
3,9.717036770702816,159.3964404587261,1.000617822626251,8.410719276861991
3,9.755444030666068,159.39722000358353,1.0006227162517023,8.444124844389759
3,9.79385129062932,159.39800262356857,1.000627629181396,8.477532348507635
3,9.832258550592572,159.39878831868128,1.0006325614153322,8.510941797318283
3,9.870665810555824,159.39957708892163,1.0006375129535106,8.544353198930192
3,9.909073070519076,159.40036893428962,1.0006424837959316,8.577766561457711
3,9.947480330482328,159.40116385478524,1.0006474739425948,8.611181893021064
3,9.98588759044558,159.40196185040853,1.0006524833935007,8.64459920174638
3,10.024294850408833,159.40276292115942,1.0006575121486485,8.678018495765734
3,10.062702110372085,159.40356706703798,1.0006625602080392,8.711439783217143
3,10.101109370335339,159.40437428804418,1.0006676275716722,8.74486307224464
3,10.13951663029859,159.40518458417804,1.0006727142395475,8.778288370998236
3,10.177923890261843,159.40599795543952,1.0006778202116653,8.811715687634019
3,10.216331150225095,159.40681440182865,1.0006829454880255,8.845145030314121
3,10.254738410188347,159.40763392334543,1.0006880900686281,8.87857640720679
3,10.293145670151599,159.40845651998984,1.0006932539534732,8.912009826486377
3,10.331552930114851,159.4092821917619,1.0006984371425605,8.945445296333402
3,10.369960190078103,159.4101109386616,1.0007036396358904,8.978882824934548
3,10.408367450041355,159.41094276068893,1.0007088614334625,9.01232242048271
3,10.446774710004608,159.4117776578439,1.0007141025352773,9.045764091177023
3,10.48518196996786,159.41261563012654,1.0007193629413342,9.079207845222863
3,10.523589229931112,159.41345667753683,1.0007246426516339,9.112653690831902
3,10.561996489894364,159.41430080007473,1.0007299416661757,9.146101636222138
3,10.600403749857616,159.4151479977403,1.00073525998496,9.179551689617899
3,10.638811009820868,159.4159982705335,1.0007405976079868,9.213003859249877
3,10.677218269784122,159.41685161845433,1.000745954535256,9.246458153355178
3,10.715625529747374,159.4177080415028,1.0007513307667673,9.279914580177323
3,10.754032789710626,159.41856753967895,1.0007567263025214,9.313373147966288
3,10.792440049673878,159.4194301129827,1.0007621411425176,9.346833864978525
3,10.83084730963713,159.4202957614141,1.0007675752867564,9.380296739477009
3,10.869254569600383,159.42116448497316,1.0007730287352374,9.413761779731237
3,10.907661829563635,159.42203628365988,1.0007785014879613,9.44722899401727
3,10.946069089526887,159.4229111574742,1.0007839935449272,9.480698390617784
3,10.984476349490139,159.4237891064162,1.0007895049061357,9.514169977822045
3,11.022883609453391,159.42467013048582,1.0007950355715864,9.547643763925986
3,11.061290869416643,159.4255542296831,1.0008005855412796,9.581119757232214
3,11.099698129379895,159.426441404008,1.0008061548152152,9.614597966050047
3,11.138105389343147,159.42733165346056,1.0008117433933934,9.64807839869552
3,11.1765126493064,159.42822497804076,1.0008173512758138,9.681561063491449
3,11.214919909269652,159.42912137774857,1.0008229784624767,9.71504596876743
3,11.253327169232906,159.43002085258408,1.0008286249533822,9.748533122859882
3,11.291734429196158,159.4309234025472,1.0008342907485297,9.782022534112066
3,11.33014168915941,159.43182902763795,1.0008399758479198,9.815514210874126
3,11.368548949122662,159.43273772785636,1.0008456802515524,9.849008161503106
3,11.406956209085914,159.43364950320242,1.0008514039594274,9.882504394362986
3,11.445363469049166,159.4345643536761,1.0008571469715446,9.916002917824708
3,11.483770729012418,159.43548227927744,1.0008629092879044,9.94950374026621
3,11.52217798897567,159.43640328000643,1.0008686909085067,9.983006870072437
5,0.0,159.29802253608625,1.0,0.0
5,0.038407259963252234,159.2980240736497,1.0000000096521189,0.03316436023358348
5,0.07681451992650447,159.2980286863355,1.0000000386084469,0.06632872785960772
5,0.11522177988975671,159.2980363741302,1.0000000868688996,0.09949311027051108
5,0.15362903985300894,159.29804713701117,1.0000001544333352,0.13265751485872718
5,0.19203629981626116,159.29806097494685,1.0000002413015554,0.1658219490166827
5,0.23044355977951342,159.29807788789668,1.0000003474733055,0.19898642013679496
5,0.26885081974276565,159.29809787581095,1.0000004729482734,0.2321509356114693
5,0.3072580797060179,159.29812093863114,1.0000006177260918,0.26531550283309724
5,0.3456653396692701,159.29814707628955,1.000000781806336,0.2984801291940534
5,0.3840725996325223,159.29817628870944,1.0000009651885235,0.3316448220866943
5,0.42247985959577455,159.29820857580518,1.0000011678721177,0.36480958890335513
5,0.46088711955902684,159.29824393748197,1.000001389856523,0.39797443703634694
5,0.49929437952227906,159.29828237363614,1.0000016311410886,0.4311393738779555
5,0.5377016394855313,159.2983238841549,1.0000018917251066,0.46430440682043833
5,0.5761088994487835,159.29836846891644,1.000002171607812,0.49746954325602255
5,0.6145161594120357,159.29841612778995,1.0000024707883841,0.5306347905769013
5,0.652923419375288,159.29846686063559,1.0000027892659449,0.5638001561752353
5,0.6913306793385402,159.29852066730453,1.00000312703956,0.5969656474431435
5,0.7297379393017924,159.2985775476389,1.0000034841082381,0.6301312717727083
5,0.7681451992650447,159.29863750147177,1.000003860470932,0.6632970365559688
5,0.8065524592282969,159.29870052862728,1.0000042561265372,0.6964629491849185
5,0.8449597191915491,159.2987666289204,1.0000046710738921,0.7296290170515055
5,0.8833669791548014,159.29883580215724,1.00000510531178,0.7627952475476277
5,0.9217742391180537,159.29890804813482,1.0000055588389263,0.7959616480651309
5,0.9601814990813059,159.29898336664107,1.000006031654,0.8291282259958077
5,0.9985887590445581,159.29906175745504,1.0000065237556137,0.8622949887313934
5,1.0369960190078102,159.29914322034665,1.0000070351423236,0.8954619436635656
5,1.0754032789710626,159.29922775507683,1.0000075658126284,0.9286290981839406
5,1.1138105389343147,159.29931536139748,1.000008115764971,0.9617964596840698
5,1.152217798897567,159.2994060390515,1.000008684997737,0.9949640355554408
5,1.1906250588608194,159.29949978777276,1.0000092735092563,1.0281318331894713
5,1.2290323188240715,159.2995966072861,1.0000098812978013,1.0612998599775112
5,1.2674395787873238,159.29969649730737,1.0000105083615882,1.094468123310833
5,1.305846838750576,159.29979945754332,1.0000111546987764,1.1276366305806385
5,1.3442540987138283,159.29990548769177,1.0000118203074686,1.16080538917805
5,1.3826613586770804,159.3000145874415,1.0000125051857112,1.1939744064941087
5,1.4210686186403327,159.3001267564722,1.0000132093314935,1.227143689919777
5,1.4594758786035849,159.3002419944546,1.0000139327427486,1.2603132468459282
5,1.4978831385668372,159.3003603010504,1.0000146754173524,1.2934830846633525
5,1.5362903985300893,159.3004816759123,1.0000154373531251,1.326653210762748
5,1.5746976584933416,159.30060611868393,1.0000162185478296,1.3598236325347244
5,1.6131049184565938,159.30073362899992,1.0000170189991722,1.392994357369792
5,1.651512178419846,159.30086420648587,1.0000178387048024,1.4261653926583713
5,1.6899194383830982,159.30099785075836,1.0000186776623134,1.459336745790778
5,1.7283266983463506,159.301134561425,1.0000195358692419,1.4925084241572315
5,1.766733958309603,159.3012743380843,1.0000204133230677,1.5256804351478443
5,1.805141218272855,159.30141718032584,1.000021310021214,1.558852786152625
5,1.8435484782361073,159.30156308773005,1.0000222259610472,1.5920254845614727
5,1.8819557381993595,159.3017120598684,1.0000231611398773,1.6251985377641787
5,1.9203629981626118,159.30186409630343,1.000024115554958,1.6583719531504177
5,1.958770258125864,159.30201919658853,1.0000250892034857,1.6915457381097516
5,1.9971775180891163,159.30217736026813,1.0000260820826006,1.7247199000316242
5,2.0355847780523684,159.30233858687762,1.0000270941893858,1.7578944463053587
5,2.0739920380156205,159.30250287594336,1.0000281255208683,1.7910693843201568
5,2.112399297978873,159.30267022698274,1.0000291760740183,1.8242447214650972
5,2.150806557942125,159.30284063950404,1.0000302458457493,1.857420465129125
5,2.1892138179053773,159.3030141130066,1.0000313348329182,1.890596622701064
5,2.2276210778686294,159.3031906469807,1.000032443032325,1.9237732015696034
5,2.266028337831882,159.30337024090764,1.000033570440714,1.9569502091232942
5,2.304435597795134,159.30355289425964,1.0000347170547716,1.9901276527505571
5,2.342842857758386,159.30373860649988,1.0000358828711282,2.023305539839672
5,2.3812501177216387,159.3039273770826,1.0000370678863575,2.0564838777787755
5,2.419657377684891,159.30411920545302,1.0000382720969772,2.0896626739558624
5,2.458064637648143,159.30431409104722,1.000039495499447,2.1228419357587835
5,2.496471897611395,159.3045120332924,1.0000407380901712,2.156021670575235
5,2.5348791575746477,159.30471303160667,1.0000419998654968,2.1892018857927695
5,2.5732864175378998,159.3049170853991,1.0000432808217143,2.222382588798785
5,2.611693677501152,159.30512419406978,1.000044580955058,2.25556378698052
5,2.650100937464404,159.30533435700974,1.000045900261705,2.2887454877250586
5,2.6885081974276566,159.30554757360105,1.000047238737776,2.321927698419327
5,2.7269154573909087,159.30576384321668,1.0000485963793346,2.355110426450085
5,2.765322717354161,159.30598316522062,1.0000499731823889,2.3882936792039295
5,2.803729977317413,159.30620553896787,1.0000513691428892,2.421477464067287
5,2.8421372372806655,159.3064309638044,1.0000527842567302,2.454661788426423
5,2.8805444972439176,159.306659439067,1.0000542185197483,2.487846659667421
5,2.9189517572071697,159.30689096408372,1.0000556719277256,2.5210320851761963
5,2.9573590171704223,159.30712553817335,1.0000571444763857,2.554218072338486
5,2.9957662771336744,159.30736316064582,1.0000586361613966,2.5874046285398484
5,3.0341735370969265,159.3076038308019,1.0000601469783685,2.6205917611656586
5,3.0725807970601786,159.3078475479334,1.0000616769228565,2.6537794776011117
5,3.110988057023431,159.3080943113232,1.0000632259903581,2.6869677852312153
5,3.1493953169866833,159.308344120245,1.0000647941763146,2.7201566914407844
5,3.1878025769499354,159.30859697396357,1.00006638147611,2.75334620361445
5,3.2262098369131875,159.30885287173464,1.000067987885072,2.7865363291366463
5,3.26461709687644,159.30911181280493,1.0000696133984726,2.819727075391612
5,3.303024356839692,159.30937379641213,1.0000712580115256,2.852918449763386
5,3.3414316168029443,159.30963882178492,1.0000729217193893,2.8861104596358116
5,3.3798388767661964,159.30990688814288,1.000074604517165,2.919303112392528
5,3.418246136729449,159.31017799469666,1.0000763063998968,2.9524964154169653
5,3.456653396692701,159.31045214064793,1.0000780273625736,2.985690376092352
5,3.4950606566559532,159.31072932518916,1.000079767400126,3.018885001801701
5,3.533467916619206,159.31100954750397,1.000081526507429,3.0520802999278187
5,3.571875176582458,159.31129280676691,1.0000833046793012,3.0852762778532923
5,3.61028243654571,159.31157910214347,1.0000851019105033,3.1184729429604956
5,3.648689696508962,159.3118684327902,1.000086918195741,3.151670302631581
5,3.6870969564722147,159.31216079785443,1.0000887535296616,3.1848683642484814
5,3.725504216435467,159.31245619647478,1.0000906079068574,3.2180671351929035
5,3.763911476398719,159.31275462778058,1.0000924813218632,3.2512666228463267
5,3.802318736361971,159.31305609089225,1.000094373769157,3.2844668345900034
5,3.8407259963252236,159.3133605849212,1.000096285243161,3.3176677778049584
5,3.8791332562884757,159.31366810896984,1.00009821573824,3.3508694598719746
5,3.917540516251728,159.31397866213138,1.0001001652487025,3.3840718881716065
5,3.95594777621498,159.31429224349026,1.0001021337688,3.417275070084167
5,3.9943550361782325,159.31460885212175,1.0001041212927282,3.450479012989727
5,4.032762296141485,159.31492848709212,1.0001061278146253,3.483683724268117
5,4.071169556104737,159.31525114745864,1.0001081533285732,3.516889211298924
5,4.109576816067989,159.31557683226953,1.0001101978285971,3.5500954814614807
5,4.147984076031241,159.31590554056402,1.0001122613086657,3.5833025421348763
5,4.186391335994494,159.31623727137227,1.0001143437626911,3.6165104006979436
5,4.224798595957746,159.3165720237155,1.0001164451845286,3.6497190645292585
5,4.263205855920998,159.31690979660587,1.0001185655679772,3.6829285410071466
5,4.30161311588425,159.31725058904647,1.0001207049067784,3.716138837509664
5,4.340020375847502,159.3175944000314,1.0001228631946182,3.749349961414617
5,4.378427635810755,159.31794122854578,1.0001250404251252,3.782561920099535
5,4.416834895774007,159.31829107356566,1.0001272365918719,3.815774720941691
5,4.455242155737259,159.31864393405812,1.0001294516883736,3.848988371318082
5,4.493649415700512,159.31899980898112,1.000131685708089,3.882202878605432
5,4.532056675663764,159.3193586972837,1.000133938644421,3.9154182501801946
5,4.570463935627016,159.3197205979058,1.000136210490715,3.9486344934185533
5,4.608871195590268,159.32008550977847,1.00013850124026,3.9818516156963977
5,4.64727845555352,159.32045343182352,1.0001408108862881,4.01506962438935
5,4.685685715516772,159.32082436295397,1.000143139421976,4.048288526872741
5,4.7240929754800245,159.32119830207367,1.0001454868404418,4.0815083305216175
5,4.7625002354432775,159.32157524807747,1.0001478531347485,4.11472904271074
5,4.80090749540653,159.3219551998513,1.0001502382979024,4.147950670814572
5,4.839314755369782,159.3223381562719,1.0001526423228522,4.181173222207293
5,4.877722015333034,159.3227241162071,1.0001550652024902,4.214396704262778
5,4.916129275296286,159.32311307851572,1.000157506929653,4.2476211243546125
5,4.954536535259538,159.32350504204751,1.00015996749712,4.280846489856075
5,4.99294379522279,159.3239000056432,1.0001624468976134,4.314072808140142
5,5.031351055186042,159.32429796813454,1.0001649451238,4.347300086579489
5,5.069758315149295,159.3246989283442,1.0001674621682883,4.380528332546478
5,5.108165575112547,159.32510288508587,1.000169998023632,4.413757553413167
5,5.1465728350757995,159.3255098371642,1.0001725526823266,4.446987756551297
5,5.184980095039052,159.32591978337481,1.0001751261368121,4.480218949332299
5,5.223387355002304,159.3263327225044,1.0001777183794716,4.513451139127279
5,5.261794614965556,159.32674865333047,1.000180329402631,4.546684333307032
5,5.300201874928808,159.32716757462165,1.00018295919856,4.579918539242027
5,5.338609134892061,159.32758948513742,1.0001856077594715,4.6131537643024085
5,5.377016394855313,159.3280143836284,1.0001882750775226,4.646390015857994
5,5.415423654818565,159.32844226883603,1.000190961144812,4.679627301278272
5,5.453830914781817,159.32887313949283,1.0001936659533837,4.7128656279324
5,5.4922381747450695,159.32930699432225,1.0001963894952237,4.746105003189203
5,5.530645434708322,159.32974383203873,1.000199131762262,4.779345434417163
5,5.569052694671574,159.33018365134774,1.0002018927463723,4.812586928984434
5,5.607459954634826,159.3306264509456,1.0002046724393705,4.84582949425882
5,5.645867214598079,159.33107222951972,1.0002074708330166,4.879073137607784
5,5.684274474561331,159.3315209857485,1.0002102879190147,4.912317866398445
5,5.722681734524583,159.33197271830122,1.0002131236890104,4.945563687997566
5,5.761088994487835,159.3324274258382,1.0002159781345945,4.9788106097715685
5,5.799496254451087,159.33288510701078,1.0002188512473005,5.012058639086518
5,5.837903514414339,159.33334576046119,1.000221743018605,5.045307783308119
5,5.8763107743775915,159.33380938482267,1.0002246534399277,5.078558049801726
5,5.9147180343408445,159.3342759787195,1.000227582502633,5.1118094459323276
5,5.953125294304097,159.33474554076685,1.0002305301980272,5.145061979064546
5,5.991532554267349,159.33521806957089,1.0002334965173607,5.178315656562647
5,6.029939814230601,159.33569356372882,1.0002364814518274,5.211570485790523
5,6.068347074193853,159.3361720218288,1.0002394849925642,5.2448264741116954
5,6.106754334157105,159.3366534424499,1.000242507130651,5.278083628889316
5,6.145161594120357,159.33713782416223,1.0002455478571124,5.311341957486161
5,6.183568854083609,159.33762516552687,1.0002486071629146,5.344601467264626
5,6.221976114046862,159.3381154650959,1.0002516850389689,5.377862165586735
5,6.2603833740101145,159.33860872141236,1.0002547814761287,5.411124059814114
5,6.298790633973367,159.33910493301028,1.0002578964651914,5.444387157308017
5,6.337197893936619,159.33960409841455,1.000261029996897,5.477651465429308
5,6.375605153899871,159.34010621614127,1.0002641820619305,5.510916991538463
5,6.414012413863123,159.3406112846973,1.0002673526509183,5.544183742995557
5,6.452419673826375,159.34111930258058,1.000270541754431,5.577451727160283
5,6.490826933789628,159.34163026828006,1.0002737493629836,5.61072095139193
5,6.52923419375288,159.3421441802756,1.0002769754670329,5.643991423049384
5,6.567641453716132,159.34266103703808,1.0002802200569798,5.677263149491137
5,6.606048713679384,159.3431808370293,1.0002834831231682,5.710536138075271
5,6.6444559736426365,159.34370357870213,1.000286764655886,5.743810396159463
5,6.682863233605889,159.34422926050036,1.0002900646453639,5.777085931100985
5,6.721270493569141,159.34475788085877,1.0002933830817764,5.810362750256692
5,6.759677753532393,159.34528943820305,1.0002967199552404,5.843640860983023
5,6.798085013495646,159.34582393095002,1.0003000752558178,5.87692027063601
5,6.836492273458898,159.34636135750736,1.0003034489735123,5.910200986571257
5,6.87489953342215,159.3469017162738,1.000306841098272,5.943483016143946
5,6.913306793385402,159.34744500563895,1.000310251619988,5.976766366708843
5,6.951714053348654,159.34799122398348,1.0003136805284945,6.010051045620282
5,6.9901213133119064,159.34854036967906,1.0003171278135694,6.043337060232166
5,7.028528573275159,159.34909244108823,1.000320593464934,6.07662441789798
5,7.066935833238412,159.34964743656462,1.0003240774722528,6.109913125970758
5,7.105343093201664,159.35020535445275,1.0003275798251337,6.143203191803103
5,7.143750353164916,159.35076619308825,1.0003311005131281,6.176494622747191
5,7.182157613128168,159.35132995079755,1.0003346395257307,6.209787426154737
5,7.22056487309142,159.35189662589818,1.0003381968523792,6.2430816093770325
5,7.258972133054672,159.35246621669864,1.0003417724824555,6.2763771797649115
5,7.297379393017924,159.35303872149836,1.000345366405284,6.309674144668761
5,7.335786652981176,159.35361413858777,1.0003489786101327,6.342972511438515
5,7.374193912944429,159.35419246624832,1.0003526090862136,6.376272287423662
5,7.4126011729076815,159.35477370275237,1.0003562578226812,6.409573479973227
5,7.451008432870934,159.35535784636332,1.000359924808634,6.442876096435783
5,7.489415692834186,159.35594489533548,1.0003636100331132,6.476180144159436
5,7.527822952797438,159.3565348479142,1.0003673134851043,6.509485630491831
5,7.56623021276069,159.3571277023358,1.0003710351535353,6.54279256278015
5,7.604637472723942,159.35772345682753,1.000374775027278,6.5761009483711055
5,7.643044732687195,159.35832210960766,1.0003785330951471,6.609410794610935
5,7.681451992650447,159.35892365888546,1.0003823093459017,6.64272210884541
5,7.719859252613699,159.35952810286113,1.0003861037682433,6.676034898419821
5,7.758266512576951,159.36013543972587,1.000389916350817,6.709349170678983
5,7.7966737725402036,159.36074566766186,1.0003937470822113,6.742664932967234
5,7.835081032503456,159.36135878484225,1.0003975959509583,6.775982192628416
5,7.873488292466708,159.36197478943123,1.0004014629455333,6.809300957005901
5,7.91189555242996,159.36259367958382,1.0004053480543549,6.842621233442566
5,7.950302812393213,159.36321545344617,1.000409251265785,6.875943029280799
5,7.988710072356465,159.36384010915535,1.000413172568129,6.909266351862487
5,8.027117332319717,159.36446764483938,1.0004171119496357,6.942591208529035
5,8.06552459228297,159.3650980586173,1.000421069398497,6.97591760662134
5,8.103931852246221,159.36573134859913,1.000425044902849,7.009245553479806
5,8.142339112209473,159.36636751288586,1.00042903845077,7.042575056444327
5,8.180746372172726,159.36700654956942,1.0004330500302823,7.075906122854296
5,8.219153632135978,159.36764845673275,1.0004370796293516,7.109238760048595
5,8.25756089209923,159.36829323244984,1.0004411272358869,7.142572975365599
5,8.295968152062482,159.3689408747855,1.0004451928377402,7.175908776143172
5,8.334375412025734,159.36959138179566,1.0004492764227075,7.209246169718657
5,8.372782671988988,159.37024475152717,1.000453377978528,7.242585163428879
5,8.41118993195224,159.37090098201784,1.0004574974928837,7.2759257646101405
5,8.449597191915492,159.3715600712965,1.0004616349534006,7.309267980598233
5,8.488004451878744,159.37222201738297,1.000465790347648,7.342611818728416
5,8.526411711841996,159.37288681828798,1.0004699636631382,7.375957286335418
5,8.564818971805249,159.37355447201327,1.000474154887327,7.409304390753436
5,8.6032262317685,159.37422497655157,1.0004783640076138,7.442653139316134
5,8.641633491731753,159.37489832988666,1.0004825910113417,7.47600353935666
5,8.680040751695005,159.37557452999312,1.0004868358857957,7.509355598207588
5,8.718448011658257,159.37625357483668,1.000491098618206,7.542709323200984
5,8.75685527162151,159.37693546237395,1.000495379195745,7.576064721668354
5,8.795262531584761,159.37762019055256,1.0004996776055288,7.609421800940663
5,8.833669791548013,159.37830775731115,1.0005039938346172,7.6427805683483285
5,8.872077051511265,159.37899816057921,1.0005083278700124,7.6761410312212135
5,8.910484311474518,159.37969139827737,1.0005126796986612,7.709503196888633
5,8.948891571437771,159.38038746831714,1.0005170493074529,7.742867072679347
5,8.987298831401024,159.381086368601,1.00052143668322,7.776232665921554
5,9.025706091364276,159.38178809702248,1.0005258418127396,7.80959998394289
5,9.064113351327528,159.38249265146604,1.000530264682731,7.84296903407042
5,9.10252061129078,159.38320002980714,1.0005347052798574,7.876339823630676
5,9.140927871254032,159.38391022991217,1.0005391635907248,7.909712359949587
5,9.179335131217284,159.3846232496386,1.0005436396018834,7.943086650352516
5,9.217742391180536,159.38533908683476,1.0005481332998263,7.976462702164273
5,9.256149651143788,159.38605773934003,1.0005526446709898,8.00984052270908
5,9.29455691110704,159.38677920498472,1.0005571737017536,8.043220119310568
5,9.332964171070293,159.3875034815902,1.0005617203784414,8.076601499291801
5,9.371371431033545,159.38823056696876,1.0005662846873198,8.109984669975262
5,9.409778690996797,159.38896045892363,1.0005708666145983,8.14336963868284
5,9.448185950960049,159.38969315524915,1.0005754661464308,8.17675641273584
5,9.486593210923301,159.39042865373045,1.0005800832689136,8.210144999454972
5,9.525000470886555,159.3911669521438,1.000584717968087,8.243535406160358
5,9.563407730849807,159.3919080482564,1.0005893702299342,8.276927640171513
5,9.60181499081306,159.39265193982644,1.0005940400403825,8.310321708807372
5,9.640222250776311,159.39339862460298,1.0005987273853014,8.343717619386242
5,9.678629510739563,159.39414810032622,1.000603432250505,8.377115379225847
5,9.717036770702816,159.39490036472722,1.00060815462175,8.410514995643306
5,9.755444030666068,159.39565541552813,1.000612894484737,8.4439164759551
5,9.79385129062932,159.39641325044195,1.0006176518251093,8.47731982747714
5,9.832258550592572,159.39717386717274,1.0006224266284538,8.510725057524699
5,9.870665810555824,159.39793726341554,1.0006272188803014,8.544132173412427
5,9.909073070519076,159.3987034368563,1.000632028566125,8.577541182454368
5,9.947480330482328,159.39947238517203,1.0006368556713428,8.610952091963942
5,9.98588759044558,159.4002441060307,1.0006417001813146,8.644364909253936
5,10.024294850408833,159.4010185970912,1.0006465620813443,8.677779641636517
5,10.062702110372085,159.40179585600347,1.0006514413566792,8.711196296423228
5,10.101109370335339,159.4025758804084,1.00065633799251,8.744614880924969
5,10.13951663029859,159.40335866793788,1.0006612519739708,8.778035402452007
5,10.177923890261843,159.4041442162147,1.0006661832861383,8.811457868313973
5,10.216331150225095,159.40493252285273,1.000671131914034,8.844882285819857
5,10.254738410188347,159.40572358545677,1.0006760978426215,8.878308662278014
5,10.293145670151599,159.40651740162258,1.000681081056808,8.911737004996137
5,10.331552930114851,159.40731396893693,1.000686081541445,8.945167321281291
5,10.369960190078103,159.40811328497762,1.000691099281326,8.97859961843987
5,10.408367450041355,159.40891534731327,1.0006961342611889,9.012033903777636
5,10.446774710004608,159.40972015350363,1.0007011864657145,9.045470184599683
5,10.48518196996786,159.4105277010994,1.000706255879527,9.078908468210445
5,10.523589229931112,159.4113379876422,1.0007113424871943,9.112348761913701
5,10.561996489894364,159.41215101066464,1.000716446273227,9.145791073012555
5,10.600403749857616,159.4129667676904,1.0007215672220797,9.17923540880947
5,10.638811009820868,159.41378525623404,1.0007267053181501,9.212681776606209
5,10.677218269784122,159.4146064738011,1.0007318605457793,9.24613018370389
5,10.715625529747374,159.41543041788813,1.000737032889252,9.27958063740294
5,10.754032789710626,159.4162570859827,1.0007422223327955,9.313033145003116
5,10.792440049673878,159.41708647556325,1.0007474288605813,9.346487713803487
5,10.83084730963713,159.41791858409934,1.0007526524567243,9.379944351102461
5,10.869254569600383,159.4187534090514,1.0007578931052818,9.413403064197738
5,10.907661829563635,159.41959094787086,1.000763150790256,9.446863860386344
5,10.946069089526887,159.4204311980001,1.0007684254955904,9.480326746964616
5,10.984476349490139,159.4212741568726,1.000773717205174,9.513791731228189
5,11.022883609453391,159.4221198219127,1.0007790259028377,9.547258820472013
5,11.061290869416643,159.42296819053576,1.0007843515723567,9.580728021990328
5,11.099698129379895,159.42381926014806,1.0007896941974488,9.614199343076692
5,11.138105389343147,159.424673028147,1.0007950537617758,9.647672791023934
5,11.1765126493064,159.4255294919208,1.0008004302489422,9.681148373124211
5,11.214919909269652,159.42638864884873,1.0008058236424962,9.714626096668942
5,11.253327169232906,159.4272504963011,1.00081123392593,9.748105968948849
5,11.291734429196158,159.42811503163907,1.0008166610826783,9.781587997253935
5,11.33014168915941,159.42898225221487,1.000822105096119,9.815072188873492
5,11.368548949122662,159.4298521553717,1.0008275659495747,9.848558551096092
5,11.406956209085914,159.43072473844367,1.0008330436263098,9.882047091209573
5,11.445363469049166,159.43159999875598,1.0008385381095328,9.915537816501066
5,11.483770729012418,159.4324779336247,1.0008440493823958,9.949030734256976
5,11.52217798897567,159.433358540357,1.0008495774279942,9.982525851762954
